{ "listdata": [{"path": "land/res/game/animation/", "name": "3333.png", "md5": "6fa4ca25be26bafa561b3219a78f65d9"}, 
{"path": "land/res/game/animation/", "name": "bo.plist", "md5": "14acfd8630ae9c2a4c01125615c634f2"}, 
{"path": "land/res/game/animation/", "name": "bo.png", "md5": "3d88cf310f3976a6883bdceb536d1aed"}, 
{"path": "land/res/game/animation/", "name": "guang.plist", "md5": "fb00c26c6f90bb0635c4a1e058a21444"}, 
{"path": "land/res/game/animation/", "name": "guang.png", "md5": "44dd169ba717317f54eaae16be1eac43"}, 
{"path": "land/res/game/animation/", "name": "huojian.png", "md5": "476dc62ba06998e752bdc0d51bf6e56a"}, 
{"path": "land/res/game/animation/", "name": "oo.plist", "md5": "6d53b4020cf8d36018acd03bb9c4233e"}, 
{"path": "land/res/game/animation/", "name": "oo.png", "md5": "49e469d109d7d4f0fadd6edb78eb5e0b"}, 
{"path": "land/res/game/animation/", "name": "oo2.plist", "md5": "cf9dfe07c60e1b78027fe73af9c132ab"}, 
{"path": "land/res/game/animation/", "name": "oo2.png", "md5": "b0eb1a51019afb02856629fe517db97b"}, 
{"path": "land/res/game/animation/", "name": "yuan.plist", "md5": "90fddc0ff12ce1645b2f0fc13c889e64"}, 
{"path": "land/res/game/animation/", "name": "yuan.png", "md5": "5e4f5a1813df43b4fb4b2a5b897c3e7e"}, 
{"path": "land/res/game/", "name": "animation.plist", "md5": "2d18b3ca43473f2a4f4296b14c636363"}, 
{"path": "land/res/game/", "name": "animation.png", "md5": "09e470a34aa6c70cdb1273182cd2e5e3"}, 
{"path": "land/res/game/", "name": "card.png", "md5": "74628ff22cb0f09942fc901bdc862f96"}, 
{"path": "land/res/game/", "name": "cardsmall.png", "md5": "0e356578ca8456bfea2ce349b7a92711"}, 
{"path": "land/res/game/", "name": "Chaihb.png", "md5": "69fdd3642afb63d8953f1c2c5a42efef"}, 
{"path": "land/res/game/", "name": "Chaihb_bg.png", "md5": "b6754d44eb4e56b4bad6ff3ad95c2d3e"}, 
{"path": "land/res/game/", "name": "Chaihb_t1.png", "md5": "c321e78f106b529d596dcdf18843fe9d"}, 
{"path": "land/res/game/", "name": "Chaihb_t2.png", "md5": "813237796079e94aa566d23e1cdad289"}, 
{"path": "land/res/game/", "name": "chb_rmb.png", "md5": "8064787cd43ef53e4dc777078c1b8d1c"}, 
{"path": "land/res/game/", "name": "chb_t1.png", "md5": "40ec3d896ae43f7687cf6720589a0d48"}, 
{"path": "land/res/game/", "name": "ddz_fonts.fnt", "md5": "88e32753ffe690d82da3f9b40bc0ab21"}, 
{"path": "land/res/game/", "name": "ddz_fonts_0.png", "md5": "9c644a504c7555a0b597785658631333"}, 
{"path": "land/res/game/", "name": "dhb.png", "md5": "cea02491a60e6656d6d0b203a1c958b7"}, 
{"path": "land/res/game/", "name": "dhb_bg.png", "md5": "51f545bc740a617211de0a3ba85b5fac"}, 
{"path": "land/res/game/", "name": "dhb_jenum.png", "md5": "51aa5845fbabdc364d46b4c335e11c90"}, 
{"path": "land/res/game/", "name": "difen.png", "md5": "5d6d48b35798e2e7013c9a5755d6479e"}, 
{"path": "land/res/game/", "name": "difen_num.png", "md5": "03f7235468cbdc7d641bd61b829a1a75"}, 
{"path": "land/res/game/", "name": "game.plist", "md5": "2c02f869a590c6f1f34b8936c00ccc9f"}, 
{"path": "land/res/game/", "name": "game.png", "md5": "f8008f2cf36edb3d373c4b38c049fafd"}, 
{"path": "land/res/game/", "name": "GameEffectLayer.csb", "md5": "3352d61ef7b24246da4715cd2e7860ed"}, 
{"path": "land/res/game/", "name": "GameLayer.csb", "md5": "0980a0b21846bf24897853c104d91c9f"}, 
{"path": "land/res/game/", "name": "GameResultLayer.csb", "md5": "2194fbdade541913a40fd6da83dee9ce"}, 
{"path": "land/res/game/", "name": "GameRoleItem.csb", "md5": "9ee303f32e9a588ba320095c13108a90"}, 
{"path": "land/res/game/", "name": "game_cardnum.png", "md5": "dbad24ebf85521fcfe235435aa51c42a"}, 
{"path": "land/res/game/", "name": "game_timenum.png", "md5": "404c9d54c3aede9f007fd7d4fbc29bc1"}, 
{"path": "land/res/game/hbbom/", "name": "DH_chongjibo.png", "md5": "189a714cb85a11aa11ed0ff538d0557c"}, 
{"path": "land/res/game/hbbom/", "name": "DH_chongjibo_huang.png", "md5": "71e66070a02dc3545a65591bb8268b41"}, 
{"path": "land/res/game/hbbom/", "name": "DH_dbg_huang.png", "md5": "32848adebc46ea67268d9086aeea636f"}, 
{"path": "land/res/game/hbbom/", "name": "DH_dbg_zi.png", "md5": "c829754beb034bc0d00fe061441851d9"}, 
{"path": "land/res/game/", "name": "hb_js1.png", "md5": "d825a871aa8dcaa8a58a4d3cf314a445"}, 
{"path": "land/res/game/", "name": "hb_js2.png", "md5": "a8c751cd9dc4831d4dd6b9857fe40094"}, 
{"path": "land/res/game/", "name": "hb_js3.png", "md5": "eedacc737ce19ad8a6fd8312220cf8e4"}, 
{"path": "land/res/game/", "name": "lightBg.png", "md5": "6bece3b9ad7c7977a046dad403974b1a"}, 
{"path": "land/res/game/", "name": "robot.png", "md5": "cef4f4ff6e249ef797113bb194909660"}, 
{"path": "land/res/game/", "name": "shuzi.png", "md5": "e9ad9af7129a83e4c3d6c14f39c30552"}, 
{"path": "land/res/game/", "name": "shuzi_hb.png", "md5": "e6a5078fcd8c3d55eeeb297c925efcef"}, 
{"path": "land/res/game/", "name": "tips.png", "md5": "a3a2cfe2d102fbf69d68433d7334813e"}, 
{"path": "land/res/public_res/", "name": "pao.png", "md5": "0704012d90177c5ecdd85a2ffa536229"}, 
{"path": "land/res/public_res/", "name": "pao2.png", "md5": "5df65ee60fd643f90381ec09f8fc7456"}, 
{"path": "land/res/public_res/", "name": "public_res.plist", "md5": "1137eb9a05bd8bf2f101af96f6a352d2"}, 
{"path": "land/res/public_res/", "name": "public_res.png", "md5": "d2e25f90db30e71160b673eb4ad02593"}, 
{"path": "land/res/roomlist/", "name": "icon_roomlist_0.png", "md5": "dd1c0b673a8820abf455281b872050eb"}, 
{"path": "land/res/roomlist/", "name": "icon_roomlist_1.png", "md5": "b24b5d8ece6da64591538a17ee2bb1c5"}, 
{"path": "land/res/roomlist/", "name": "icon_roomlist_2.png", "md5": "b8ec099b86b517cb6181326c3f156c30"}, 
{"path": "land/res/roomlist/", "name": "roomtable.png", "md5": "b473c3c8133a8317a58032cb40f894b2"}, 
{"path": "land/res/roomlist/", "name": "roomtable_play.png", "md5": "033cca532237c5052aef0319a5ab9308"}, 
{"path": "land/res/setting/", "name": "SettingLayer.csb", "md5": "a6d3571b77f89de823f2fbc5408a3d83"}, 
{"path": "land/res/sound_res/0/", "name": "1.wav", "md5": "06dcd5e7949bf7f8a31e59017f7733cc"}, 
{"path": "land/res/sound_res/0/", "name": "10.wav", "md5": "1332fa103edc69f6a7a0e56720dd53b5"}, 
{"path": "land/res/sound_res/0/", "name": "11.wav", "md5": "73d0e807e90db11c0113fc7db0a3db64"}, 
{"path": "land/res/sound_res/0/", "name": "12.wav", "md5": "5d170495855988d22ec4cf0447de1469"}, 
{"path": "land/res/sound_res/0/", "name": "13.wav", "md5": "921659bca6a6d90b4c2768008af2396a"}, 
{"path": "land/res/sound_res/0/", "name": "14.wav", "md5": "171cd96e2f11e563d23f0d30799efc5b"}, 
{"path": "land/res/sound_res/0/", "name": "15.wav", "md5": "9f9c9885b03cbb64a5a4aded946cd2c4"}, 
{"path": "land/res/sound_res/0/", "name": "2.wav", "md5": "82faac454a89f26ea387237db3d1826e"}, 
{"path": "land/res/sound_res/0/", "name": "3.wav", "md5": "2f0ca4c09c18b097dc632cd9eee41429"}, 
{"path": "land/res/sound_res/0/", "name": "4.wav", "md5": "e8da2d46df41558723e35a9be8727d89"}, 
{"path": "land/res/sound_res/0/", "name": "5.wav", "md5": "e4298b057f1fe346049eaf1ca7c2773b"}, 
{"path": "land/res/sound_res/0/", "name": "6.wav", "md5": "e1aae8a1755cc498fc1f12430c446738"}, 
{"path": "land/res/sound_res/0/", "name": "7.wav", "md5": "7c13cc502020fb0aaf3616334930b453"}, 
{"path": "land/res/sound_res/0/", "name": "8.wav", "md5": "aac0570b8322bfc8ce6ec115403448d0"}, 
{"path": "land/res/sound_res/0/", "name": "9.wav", "md5": "e3077db92899cd6845da7875cbe02ddc"}, 
{"path": "land/res/sound_res/0/", "name": "cs0.wav", "md5": "2a3f86ee9a427480b89090c5cc26ea19"}, 
{"path": "land/res/sound_res/0/", "name": "cs1.wav", "md5": "eceead8d73a8707a1152318690fd31d6"}, 
{"path": "land/res/sound_res/0/", "name": "cs2.wav", "md5": "fc991054a533dbb6f8038e0a54080441"}, 
{"path": "land/res/sound_res/0/", "name": "cs3.wav", "md5": "0be070219ac09d0e0c2b40871bcbfcbe"}, 
{"path": "land/res/sound_res/0/", "name": "pass0.wav", "md5": "6c05cde0ad7ce477b097889f3078bec4"}, 
{"path": "land/res/sound_res/0/", "name": "pass1.wav", "md5": "7f33c498dd9877e08d4753f4f843edfb"}, 
{"path": "land/res/sound_res/0/", "name": "type12.wav", "md5": "7196a229764afb39ae7948f37814f149"}, 
{"path": "land/res/sound_res/0/", "name": "type2.wav", "md5": "a29523f99f34bece0bd7af9ee9bf14a6"}, 
{"path": "land/res/sound_res/0/", "name": "type3.wav", "md5": "f05191c8bad01705c286a8ccebcdfded"}, 
{"path": "land/res/sound_res/0/", "name": "type4.wav", "md5": "852d3343d0ca1bb0615db29523d17583"}, 
{"path": "land/res/sound_res/0/", "name": "type5.wav", "md5": "07b5a80b9864560c6ec0ae193afafea9"}, 
{"path": "land/res/sound_res/0/", "name": "type6.wav", "md5": "750e2ebadd5d53b3454da1384a8d8c75"}, 
{"path": "land/res/sound_res/0/", "name": "type7.wav", "md5": "4f6a7d80e7a1ee4b3d97e89a4bf540f6"}, 
{"path": "land/res/sound_res/0/", "name": "type8.wav", "md5": "a6e466bcb0e05fc115f66233003d44b5"}, 
{"path": "land/res/sound_res/0/", "name": "type9.wav", "md5": "3918c00b981016b7550f35f60c6e4341"}, 
{"path": "land/res/sound_res/0/", "name": "ya0.wav", "md5": "ca06ecd6f86b2bf60ed4d7acde484104"}, 
{"path": "land/res/sound_res/0/", "name": "ya1.wav", "md5": "8dd4500eda35edbd4c196eb90311a441"}, 
{"path": "land/res/sound_res/1/", "name": "1.wav", "md5": "456bf371c1b625481710a403dabacdfd"}, 
{"path": "land/res/sound_res/1/", "name": "10.wav", "md5": "0e37ff1a94eeb3ae079ba250813293a1"}, 
{"path": "land/res/sound_res/1/", "name": "11.wav", "md5": "c86518695cbd74799643eca3d409dc33"}, 
{"path": "land/res/sound_res/1/", "name": "12.wav", "md5": "f458503f8f0b969c3770ef26e5c147dd"}, 
{"path": "land/res/sound_res/1/", "name": "13.wav", "md5": "2caba857524a000ff5febcf936144884"}, 
{"path": "land/res/sound_res/1/", "name": "14.wav", "md5": "fec35a96a685948c48ef95aace9a04b4"}, 
{"path": "land/res/sound_res/1/", "name": "15.wav", "md5": "c72a5f08e296802ba1802426eec17510"}, 
{"path": "land/res/sound_res/1/", "name": "2.wav", "md5": "0311bb1e515580f30e375a95e9ddd560"}, 
{"path": "land/res/sound_res/1/", "name": "3.wav", "md5": "63f8e9b28a9fe4eb15ece6446577fb55"}, 
{"path": "land/res/sound_res/1/", "name": "4.wav", "md5": "79b392379fd21478ecda10b9522d8645"}, 
{"path": "land/res/sound_res/1/", "name": "5.wav", "md5": "9d3115c376596258c4783dfdba903579"}, 
{"path": "land/res/sound_res/1/", "name": "6.wav", "md5": "c69200302b69bc1d6ea27a81e1659306"}, 
{"path": "land/res/sound_res/1/", "name": "7.wav", "md5": "193d1eca6dbb568254dcf7c0f3e701f5"}, 
{"path": "land/res/sound_res/1/", "name": "8.wav", "md5": "78fb542c594b7a5f3c041c1ad9221061"}, 
{"path": "land/res/sound_res/1/", "name": "9.wav", "md5": "7743b7e21a5a42992678e7eef4b422cf"}, 
{"path": "land/res/sound_res/1/", "name": "cs0.wav", "md5": "00e2c058efba8004f5ac1dc634f4e92b"}, 
{"path": "land/res/sound_res/1/", "name": "cs1.wav", "md5": "f9a4429b71ba894c614dbe77318ab8dd"}, 
{"path": "land/res/sound_res/1/", "name": "cs2.wav", "md5": "a4887d6e9656621512388c3e072b1de3"}, 
{"path": "land/res/sound_res/1/", "name": "cs3.wav", "md5": "a6b1d668c128a6a560be874c6529a048"}, 
{"path": "land/res/sound_res/1/", "name": "double_line.wav", "md5": "ce29ce3344b2cad4f0e0c41f10ca65b8"}, 
{"path": "land/res/sound_res/1/", "name": "pass0.wav", "md5": "85f40ba0ac36246a35f611473f86000f"}, 
{"path": "land/res/sound_res/1/", "name": "pass1.wav", "md5": "f31d5ff876dc91df706038b345842d9d"}, 
{"path": "land/res/sound_res/1/", "name": "three_plane.wav", "md5": "919cd61be429ce8b34e793be59a8a8bd"}, 
{"path": "land/res/sound_res/1/", "name": "type12.wav", "md5": "ab0e20347dc6c684779f195704caf5eb"}, 
{"path": "land/res/sound_res/1/", "name": "type2.wav", "md5": "08a7f6ed41e3c132291bcae0748c625d"}, 
{"path": "land/res/sound_res/1/", "name": "type3.wav", "md5": "c5460b30dbd9512d7cf5ee8efbe431f9"}, 
{"path": "land/res/sound_res/1/", "name": "type4.wav", "md5": "0fa91d7e3aa776cdc5a4a80756d76040"}, 
{"path": "land/res/sound_res/1/", "name": "type5.wav", "md5": "ce29ce3344b2cad4f0e0c41f10ca65b8"}, 
{"path": "land/res/sound_res/1/", "name": "type6.wav", "md5": "919cd61be429ce8b34e793be59a8a8bd"}, 
{"path": "land/res/sound_res/1/", "name": "type7.wav", "md5": "a8680d65875ee931849c5cd863d31839"}, 
{"path": "land/res/sound_res/1/", "name": "type8.wav", "md5": "2d0903831082ca0129b4cc54cefce8d1"}, 
{"path": "land/res/sound_res/1/", "name": "type9.wav", "md5": "cef08c1b75b5b1d0466768a90ef85fc2"}, 
{"path": "land/res/sound_res/1/", "name": "ya0.wav", "md5": "c164d1c21113c4b108123c0d6e95f0d0"}, 
{"path": "land/res/sound_res/1/", "name": "ya1.wav", "md5": "66e632eb42ed2c7bec856f4bac86fd77"}, 
{"path": "land/res/sound_res/", "name": "background.mp3", "md5": "388d678f04b931d04c8a15a5a481b9f6"}, 
{"path": "land/res/sound_res/", "name": "bankerinfo.wav", "md5": "fc59be18251e36f17452560bda45f8f0"}, 
{"path": "land/res/sound_res/", "name": "common_alert.wav", "md5": "965d1e9815b0090aba8d6ddb0561ed09"}, 
{"path": "land/res/sound_res/", "name": "common_bomb.wav", "md5": "7f2c2011c6de188ec1563b9ee4097be6"}, 
{"path": "land/res/sound_res/", "name": "common_plane.wav", "md5": "07509a783022243594adca1d1d7c1692"}, 
{"path": "land/res/sound_res/", "name": "dispatch.wav", "md5": "67bfb5a3b080e62a8c8058830a89ed01"}, 
{"path": "land/res/sound_res/", "name": "gameconclude.wav", "md5": "c8ea0ddca6de5166ef14f2143294454e"}, 
{"path": "land/res/sound_res/", "name": "opencard.wav", "md5": "a89c408e570913f058defccc063fff02"}, 
{"path": "land/res/sound_res/", "name": "sendcard.wav", "md5": "b81338369ed5cacb23c17c83e4508773"}, 
{"path": "land/res/sound_res/", "name": "start.wav", "md5": "2612db3609ba87d42708acf571a9360a"}, 
{"path": "land/res/sound_res/", "name": "xuanpai.wav", "md5": "e3f22b884dd5aa3263f6e9010775539f"}, 
{"path": "land/src/models/", "name": "CMD_Game.luac", "md5": "d7ca2b0a135bc9d144bb79bf43d55092"}, 
{"path": "land/src/models/", "name": "Define.luac", "md5": "a9f8ba6f107b5ba2d2b06dbf0ee0ea9e"}, 
{"path": "land/src/models/", "name": "GameLogic.luac", "md5": "b40084cffc9b0e807f45ecb7d86c6362"}, 
{"path": "land/src/views/", "name": "GameLayer.luac", "md5": "0208a4ec219ff14622f60f99c7fe426f"}, 
{"path": "land/src/views/", "name": "GameRoomLayer.luac", "md5": "4f4945580d2768e081fe8f538762ae04"}, 
{"path": "land/src/views/layer/gamecard/", "name": "CardsNode.luac", "md5": "d9cd992e7b08d31f0260b6960286a51b"}, 
{"path": "land/src/views/layer/gamecard/", "name": "CardSprite.luac", "md5": "250ba25f7fb22bd75abfcd048cd2159b"}, 
{"path": "land/src/views/layer/", "name": "GameResultLayer.luac", "md5": "08aa0c49b067368b15cdccea4e6f88f8"}, 
{"path": "land/src/views/layer/", "name": "GameRoleItem.luac", "md5": "eb2cb60e57b4caec34ce33466b64ad30"}, 
{"path": "land/src/views/layer/", "name": "GameViewLayer.luac", "md5": "dcdf6eb4bf28c83d22f53eb7c06d53c6"}, 
{"path": "land/src/views/layer/", "name": "SettingLayer.luac", "md5": "d95932cd9d3651a85965444e8c79e4dd"}, 
{"allcount": 147}]}