{ "listdata": [{"path": "longhu/res/Default/", "name": "Button_Disable.png", "md5": "fa79821349dd686f516187283bc2fb8c"}, 
{"path": "longhu/res/Default/", "name": "Button_Normal.png", "md5": "5f8329d6525b01810d68e39036e5f066"}, 
{"path": "longhu/res/Default/", "name": "Button_Press.png", "md5": "ea5e72abd451a76f62a2906abb7ef4bf"}, 
{"path": "longhu/res/Default/", "name": "Sprite.png", "md5": "380f19a83e69524450a3fc2b466dc275"}, 
{"path": "longhu/res/fonts/", "name": "round_body.ttf", "md5": "7b5c98a23993fb67ff9b05eea70ac37c"}, 
{"path": "longhu/res/game/", "name": "1.png", "md5": "00c00627601dc6d056aac01ce0667539"}, 
{"path": "longhu/res/game/", "name": "2.png", "md5": "a49d3572a6664ba61d2d5c02589b92b8"}, 
{"path": "longhu/res/game/", "name": "3.png", "md5": "da1731dfa76ae6ae4598ed52c17ea0ff"}, 
{"path": "longhu/res/game/", "name": "321.png", "md5": "4f14d3ffaf0d0f24f8b87bf66ff8bf03"}, 
{"path": "longhu/res/game/anniou/xiazhuanniou/", "name": "1000.png", "md5": "726613815ee580acd1a4d60436d9af67"}, 
{"path": "longhu/res/game/anniou/xiazhuanniou/", "name": "10000.png", "md5": "ea40c216e3c6d9923980c8785bbfbf59"}, 
{"path": "longhu/res/game/anniou/xiazhuanniou/", "name": "100000.png", "md5": "da3bae53a3674104c2a37918f3a33bb0"}, 
{"path": "longhu/res/game/anniou/xiazhuanniou/", "name": "1000000.png", "md5": "a28d2ce53000b5a2325ce129ffd4ad41"}, 
{"path": "longhu/res/game/anniou/xiazhuanniou/", "name": "10000000.png", "md5": "805b430d2172ac0ebfdb62c8f8ee5f2c"}, 
{"path": "longhu/res/game/anniou/xiazhuanniou/", "name": "5000000.png", "md5": "cf1c820d303ae7e087c0cb9ff8036948"}, 
{"path": "longhu/res/game/", "name": "ApplyListLayer.csb", "md5": "94b5511bc2c09f1a3360b6899b1dc009"}, 
{"path": "longhu/res/game/", "name": "atlas_sub.png", "md5": "ca092f1083b26cb933871d26640609c6"}, 
{"path": "longhu/res/game/", "name": "atlas_time_num.png", "md5": "4aeaa6be5ff1d46867f80821eac2320c"}, 
{"path": "longhu/res/game/bet/BetBtn/", "name": "bet_10000000_0.png", "md5": "b51eaffed5df7b0ba74873f40a6cc763"}, 
{"path": "longhu/res/game/bet/BetBtn/", "name": "bet_10000000_1.png", "md5": "373d5e5b4b462e3e15efa4627219afd3"}, 
{"path": "longhu/res/game/bet/BetBtn/", "name": "bet_10000000_2.png", "md5": "ad135db87b01970658f53273f2b2640a"}, 
{"path": "longhu/res/game/bet/BetBtn/", "name": "bet_1000000_0.png", "md5": "1903723b54fe0bdfc024071db53504db"}, 
{"path": "longhu/res/game/bet/BetBtn/", "name": "bet_1000000_1.png", "md5": "862df4445f92522da30b70bc3b3c1848"}, 
{"path": "longhu/res/game/bet/BetBtn/", "name": "bet_1000000_2.png", "md5": "ccf2fce2cdd9c6fc0b6d31eaa1622423"}, 
{"path": "longhu/res/game/bet/BetBtn/", "name": "bet_100000_0.png", "md5": "c994080c683758076cd05a28ba7dd6eb"}, 
{"path": "longhu/res/game/bet/BetBtn/", "name": "bet_100000_1.png", "md5": "cf4d1d9196798e7b8a18e3c3772ec290"}, 
{"path": "longhu/res/game/bet/BetBtn/", "name": "bet_100000_2.png", "md5": "58be126393db9572008aa53999707f68"}, 
{"path": "longhu/res/game/bet/BetBtn/", "name": "bet_10000_0.png", "md5": "58aec84f219e2ea3633c228c99670e85"}, 
{"path": "longhu/res/game/bet/BetBtn/", "name": "bet_10000_1.png", "md5": "718bec1fef7f1ac83884905e046c620c"}, 
{"path": "longhu/res/game/bet/BetBtn/", "name": "bet_10000_2.png", "md5": "580b06a1555c23f83b066d9da0a3e40d"}, 
{"path": "longhu/res/game/bet/BetBtn/", "name": "bet_1000_0.png", "md5": "67cbf5d764d09680bffe47839828a666"}, 
{"path": "longhu/res/game/bet/BetBtn/", "name": "bet_1000_1.png", "md5": "fd405b1cfb96a5e1920fcebf40e11109"}, 
{"path": "longhu/res/game/bet/BetBtn/", "name": "bet_1000_2.png", "md5": "933fcff67784efa3b1fa23b00fb90eea"}, 
{"path": "longhu/res/game/bet/BetBtn/", "name": "bet_5000000_0.png", "md5": "4d2b65b4ddc880698bfe080965be9b8a"}, 
{"path": "longhu/res/game/bet/BetBtn/", "name": "bet_5000000_1.png", "md5": "2c2aaa5fd81ecf70e605ca89857f7874"}, 
{"path": "longhu/res/game/bet/BetBtn/", "name": "bet_5000000_2.png", "md5": "65ae2be7662cb403e37f9e24dea7c62e"}, 
{"path": "longhu/res/game/bet/BetBtn/", "name": "ChouMa_1.png", "md5": "726613815ee580acd1a4d60436d9af67"}, 
{"path": "longhu/res/game/bet/BetBtn/", "name": "ChouMa_10.png", "md5": "da3bae53a3674104c2a37918f3a33bb0"}, 
{"path": "longhu/res/game/bet/BetBtn/", "name": "ChouMa_100.png", "md5": "cf1c820d303ae7e087c0cb9ff8036948"}, 
{"path": "longhu/res/game/bet/BetBtn/", "name": "ChouMa_5.png", "md5": "ea40c216e3c6d9923980c8785bbfbf59"}, 
{"path": "longhu/res/game/bet/BetBtn/", "name": "ChouMa_50.png", "md5": "a28d2ce53000b5a2325ce129ffd4ad41"}, 
{"path": "longhu/res/game/bet/BetBtn/", "name": "ChouMa_500.png", "md5": "805b430d2172ac0ebfdb62c8f8ee5f2c"}, 
{"path": "longhu/res/game/bet/quyuBet/", "name": "tabel_chip_1_0.png", "md5": "726613815ee580acd1a4d60436d9af67"}, 
{"path": "longhu/res/game/bet/quyuBet/", "name": "tabel_chip_2_0.png", "md5": "ea40c216e3c6d9923980c8785bbfbf59"}, 
{"path": "longhu/res/game/bet/quyuBet/", "name": "tabel_chip_3_0.png", "md5": "da3bae53a3674104c2a37918f3a33bb0"}, 
{"path": "longhu/res/game/bet/quyuBet/", "name": "tabel_chip_4_0.png", "md5": "a28d2ce53000b5a2325ce129ffd4ad41"}, 
{"path": "longhu/res/game/bet/quyuBet/", "name": "tabel_chip_5_0.png", "md5": "cf1c820d303ae7e087c0cb9ff8036948"}, 
{"path": "longhu/res/game/bet/quyuBet/", "name": "tabel_chip_6_0.png", "md5": "805b430d2172ac0ebfdb62c8f8ee5f2c"}, 
{"path": "longhu/res/game/", "name": "Betfire.plist", "md5": "4711c0ae440970075e1e4c93570eadb7"}, 
{"path": "longhu/res/game/", "name": "Betfire.png", "md5": "0c03c219797b3c6e0daede3ea07fa1a3"}, 
{"path": "longhu/res/game/", "name": "BG.jpg", "md5": "d00c5435c7e28aa734138564d77064ac"}, 
{"path": "longhu/res/game/", "name": "bj.png", "md5": "e34a9e17a85a8b2d241fd60411d380e5"}, 
{"path": "longhu/res/game/", "name": "buzhidao_Effects.plist", "md5": "dfbfdaa44def03dbbae3a7671fcc2f7d"}, 
{"path": "longhu/res/game/", "name": "buzhidao_Effects.png", "md5": "ee8a49c16c2925bdbb744cdc87f688c9"}, 
{"path": "longhu/res/game/caidan/", "name": "bt_help_0.png", "md5": "aae9bd026cb984052cf918a3069c2d83"}, 
{"path": "longhu/res/game/caidan/", "name": "bt_help_1.png", "md5": "276a8da0bbfe9991db520d2f73d280d6"}, 
{"path": "longhu/res/game/caidan/", "name": "bt_menu_0.png", "md5": "699f0c78fd40b2af6bb31f070eadc9ca"}, 
{"path": "longhu/res/game/caidan/", "name": "bt_menu_1.png", "md5": "c8e7b799bbe17861f01f021884283900"}, 
{"path": "longhu/res/game/caidan/", "name": "bt_qiut_0.png", "md5": "fdd5ee451658dd7e87813216fb9f1867"}, 
{"path": "longhu/res/game/caidan/", "name": "bt_qiut_1.png", "md5": "4b2b52694bdc7da394bd766263812063"}, 
{"path": "longhu/res/game/caidan/", "name": "im_menu_bg.png", "md5": "a75bdf0d01bf5e04dff338302c515e14"}, 
{"path": "longhu/res/game/", "name": "cjtext.png", "md5": "13267cda4152f604c02b602ba5495417"}, 
{"path": "longhu/res/game/", "name": "daojishi.png", "md5": "4fad8eeb3ffdf10c6c48fc165ef08eaa"}, 
{"path": "longhu/res/game/", "name": "game.plist", "md5": "a6098dd6328a599d2381ad9de22878f0"}, 
{"path": "longhu/res/game/", "name": "game.png", "md5": "4ff2499fc992f55d4bd2522353d0d241"}, 
{"path": "longhu/res/game/", "name": "GameCardLayer.csb", "md5": "32e4233ed38388093bbc28e4b21bef35"}, 
{"path": "longhu/res/game/", "name": "GameClockNode.csb", "md5": "b4c150384eaac39460a7958cb67131d9"}, 
{"path": "longhu/res/game/", "name": "GameLayer.csb", "md5": "6fd67ed751c164dae4edb887568ae9be"}, 
{"path": "longhu/res/game/", "name": "gamerecordnew.png", "md5": "705e453ad48e9e6103d5e442df285143"}, 
{"path": "longhu/res/game/", "name": "gamerecord_0.png", "md5": "67bc4346226e8cc51fafebba5d4b25c1"}, 
{"path": "longhu/res/game/", "name": "gamerecord_1.png", "md5": "293a29a2ec62821589dce3c3e454768c"}, 
{"path": "longhu/res/game/", "name": "gamerecord_2.png", "md5": "d6089026200f3bbc8d1ca0f5ad5342d9"}, 
{"path": "longhu/res/game/", "name": "GameResultLayer.csb", "md5": "9379333655eed55b8549a13a034cde84"}, 
{"path": "longhu/res/game/", "name": "he.png", "md5": "9dfeeccac5f2463e9d60da10d81012ba"}, 
{"path": "longhu/res/game/", "name": "historyIcon1.png", "md5": "81fd5e345eaa97c4d1aa05a54e777861"}, 
{"path": "longhu/res/game/", "name": "historyIcon2.png", "md5": "b903a9b6b97eb6416a0ff7e2e2152c80"}, 
{"path": "longhu/res/game/", "name": "historyIcon3.png", "md5": "58cb4319c9207bb963debb1bbcfe3bb4"}, 
{"path": "longhu/res/game/", "name": "historySIcon1.png", "md5": "c7a51cbfa3145243e82349d996b8efc5"}, 
{"path": "longhu/res/game/", "name": "historySIcon2.png", "md5": "b207c79f06d8de14409436c4887d1afc"}, 
{"path": "longhu/res/game/", "name": "historySIcon3.png", "md5": "1955bc02d1dc4c867611e49368271ae9"}, 
{"path": "longhu/res/game/", "name": "hzBtn.png", "md5": "ef565a69bbcdad7d59379d509d896d54"}, 
{"path": "longhu/res/game/", "name": "im_self_bg.png", "md5": "6e46b3c6107bc37a11ce374576467960"}, 
{"path": "longhu/res/game/", "name": "im_small_gold.png", "md5": "1beed3326a2dad69a334b4f1cfce5487"}, 
{"path": "longhu/res/game/", "name": "im_userlist_line.png", "md5": "5d31c6b7f2b6a5eac64f99dd91d33af3"}, 
{"path": "longhu/res/game/", "name": "im_zhuang.png", "md5": "c22ea8584eb055c354856ed598aeefad"}, 
{"path": "longhu/res/game/", "name": "JettonNode.csb", "md5": "0c20e4c06d6ab2c76a62556851cb9286"}, 
{"path": "longhu/res/game/", "name": "jiangCh1i.png", "md5": "518371e68d0dfbd61f86f49380b06518"}, 
{"path": "longhu/res/game/", "name": "jiangchi.png", "md5": "13deb9eaa26178ab0685de69525bb429"}, 
{"path": "longhu/res/game/", "name": "jiangChi_Num(19x25).png", "md5": "8129101e8de020f7a1fc342069b1635f"}, 
{"path": "longhu/res/game/", "name": "jinbi.png", "md5": "d1516cd537bc2d8a098cbd2fac777e4d"}, 
{"path": "longhu/res/game/", "name": "jsuanCjBG.png", "md5": "d6d7ccb2dfdd134c88f625751a1d48b0"}, 
{"path": "longhu/res/game/", "name": "jsuanLoseBG.png", "md5": "89f4a95eeeb6eb78ebe964f98d31e6ea"}, 
{"path": "longhu/res/game/", "name": "jsuanWinBG.png", "md5": "328df1dd6e7d92a0e3da6e80897fd137"}, 
{"path": "longhu/res/game/", "name": "laohu.png", "md5": "f7080718f3261e373b32cf741cd344e3"}, 
{"path": "longhu/res/game/", "name": "long.png", "md5": "a007de872eda6677113257ba81d98055"}, 
{"path": "longhu/res/game/", "name": "Long_Effects.plist", "md5": "e1453b1c1a1df61d6eafadfecbda724a"}, 
{"path": "longhu/res/game/", "name": "Long_Effects.png", "md5": "de1622b7706db85875752c6d6cd5e5c5"}, 
{"path": "longhu/res/game/", "name": "myzhu.png", "md5": "36f4e7821026081205ac5cb1ac4f7cb4"}, 
{"path": "longhu/res/game/", "name": "myZhu_num(13x19).png", "md5": "36f4e7821026081205ac5cb1ac4f7cb4"}, 
{"path": "longhu/res/game/", "name": "people@2x.png", "md5": "8899a5d03714237f8485944c25b8e414"}, 
{"path": "longhu/res/game/poker/", "name": "55.png", "md5": "d5c954abc51d8cca5208e470327d6acb"}, 
{"path": "longhu/res/game/poker/", "name": "img_lhd_disp_jiao.png", "md5": "710fd9450761019197207bad42c0b93a"}, 
{"path": "longhu/res/game/poker/", "name": "pukes.plist", "md5": "4c9bb4e5185c7f285fb8b2cd0f4b3e68"}, 
{"path": "longhu/res/game/poker/", "name": "pukes.png", "md5": "fb44e2d8ec684ec8502db53811e0568e"}, 
{"path": "longhu/res/game/Pop/", "name": "bt_ludan_close.png", "md5": "3ee549cc51580c4b1b09912467cd513c"}, 
{"path": "longhu/res/game/Pop/", "name": "caijin.png", "md5": "bccee28112d0be8255a21ad0f233914a"}, 
{"path": "longhu/res/game/Pop/", "name": "Help.png", "md5": "8be6a7b77c28ebe40e5dea21e01c6a0d"}, 
{"path": "longhu/res/game/Pop/", "name": "OverPlater.png", "md5": "4dee1acfc341a985c37b7e9863f53f38"}, 
{"path": "longhu/res/game/Pop/", "name": "shangzhuang.png", "md5": "3be56451aaecbb430b21ae8e539d0fc4"}, 
{"path": "longhu/res/game/Pop/", "name": "shu.png", "md5": "af34a8bc8005b4bc242cc11ac80411c0"}, 
{"path": "longhu/res/game/Pop/", "name": "ying.png", "md5": "617f09ca0d93b632c17f6f61b5d6f9c7"}, 
{"path": "longhu/res/game/", "name": "puke.png", "md5": "1a78d561d376d70a35f7d795a7852ecb"}, 
{"path": "longhu/res/game/", "name": "qu-he.png", "md5": "062a2ae1c6fddf870eb3a1ed55d0f25f"}, 
{"path": "longhu/res/game/", "name": "qu-hs.png", "md5": "330ad40ccf65abd6401defcbe1824c7d"}, 
{"path": "longhu/res/game/", "name": "qu-lh.png", "md5": "bf19b081e80d3d9eb619557482e81ab8"}, 
{"path": "longhu/res/game/", "name": "qulight-he.png", "md5": "626f7c533a56f5d286a48c1715645109"}, 
{"path": "longhu/res/game/", "name": "qulight-L.png", "md5": "075bf1bbc7d1e3be95a2ee1b96220617"}, 
{"path": "longhu/res/game/", "name": "qulight-R.png", "md5": "bf722a32ea458ee7ae2650646f0dd12b"}, 
{"path": "longhu/res/game/", "name": "room_chipbg.png", "md5": "31be79b7b620240871af24918eb0fda8"}, 
{"path": "longhu/res/game/", "name": "room_clearing_no2.png", "md5": "7af631f47612ead3d5eca3b04f5670a0"}, 
{"path": "longhu/res/game/", "name": "room_clearing_no3.png", "md5": "121d41f3ce6a6ddc3ea4984a417c7efb"}, 
{"path": "longhu/res/game/", "name": "shangzhuang.png", "md5": "9c916161ae7e9c62727a1947c9bc4b17"}, 
{"path": "longhu/res/game/", "name": "SitRoleNode.csb", "md5": "3738b09df4d9a4ebe97a279e567e18c2"}, 
{"path": "longhu/res/game/", "name": "sssdds.png", "md5": "f62bbc70aafed5b5d8f727488ab1ae83"}, 
{"path": "longhu/res/game/", "name": "start.plist", "md5": "83f74c51b75d93ce58a6fd26a4f27355"}, 
{"path": "longhu/res/game/", "name": "start.png", "md5": "45a412dc4905208f06220ec6bf0a716f"}, 
{"path": "longhu/res/game/", "name": "SystemBanker.png", "md5": "a8c837dea3d829b74e33ef4249b46bab"}, 
{"path": "longhu/res/game/", "name": "time_text2.png", "md5": "bd4bf8664b0373cb877926f23117b90e"}, 
{"path": "longhu/res/game/", "name": "time_text3.png", "md5": "3ac658787d40a90d00ac7dc586352b4d"}, 
{"path": "longhu/res/game/", "name": "toprih.png", "md5": "3761e72119b36ae80a95981b490209cd"}, 
{"path": "longhu/res/game/", "name": "topui_zuo.png", "md5": "f23c85c90acfe5b48228f636f1192c20"}, 
{"path": "longhu/res/game/", "name": "txt_time_free.png", "md5": "11585248bcc093c9a6d6ca20ee7a39a4"}, 
{"path": "longhu/res/game/", "name": "txt_time_jetton.png", "md5": "1a03e9d4ad2d234717e3682cf930a9d7"}, 
{"path": "longhu/res/game/", "name": "UserItem.csb", "md5": "2519511c8fc9c40910f839bd7013ad41"}, 
{"path": "longhu/res/game/", "name": "UserListLayer.csb", "md5": "64c2a9fb6d0e9b5e8371cabb631de963"}, 
{"path": "longhu/res/game/", "name": "WallBill.csb", "md5": "92341aa2ce6c759b9fd932c54256efad"}, 
{"path": "longhu/res/game/", "name": "winBG.png", "md5": "f4f9f321df201cc40f1c843859c059c9"}, 
{"path": "longhu/res/game/", "name": "winText1.png", "md5": "36125e45643c6dbd3c5a3d1dd610c575"}, 
{"path": "longhu/res/game/", "name": "winText2.png", "md5": "390cb598b5ff30586f1a8faf2e957ba8"}, 
{"path": "longhu/res/game/", "name": "winText3.png", "md5": "db73288f5b68cd7d7e244c25e8e77c1a"}, 
{"path": "longhu/res/game/", "name": "wwwdsd.png", "md5": "e0421441aa689b78e574c50c14e3c595"}, 
{"path": "longhu/res/game/", "name": "xiabiankuang.png", "md5": "329f3162ef3d7428172bc0bdea3bf993"}, 
{"path": "longhu/res/game/", "name": "xzBtn.png", "md5": "949225eb9b471780ebf1eb202fb33cda"}, 
{"path": "longhu/res/game/", "name": "xzhuBg.png", "md5": "8282013b95a98d503ab6a6f6162f57be"}, 
{"path": "longhu/res/game/", "name": "zhuangBG.png", "md5": "7432e66037ba247fc75a06b09bb21a55"}, 
{"path": "longhu/res/public_res/", "name": "public_res.plist", "md5": "48fe95a41b01a5e382993b3fac36d75a"}, 
{"path": "longhu/res/public_res/", "name": "public_res.png", "md5": "a2e6ea42ca148e3f6aaee0058e5f0484"}, 
{"path": "longhu/res/roomlist/", "name": "icon_roomlist_0.png", "md5": "fe53cd2a02eb685a449bc3358c2091d5"}, 
{"path": "longhu/res/roomlist/", "name": "icon_roomlist_1.png", "md5": "2efacc8b8108bcb0d1479986b209277e"}, 
{"path": "longhu/res/roomlist/", "name": "icon_roomlist_2.png", "md5": "bc89f9546491e1e84f5480063fce1e1a"}, 
{"path": "longhu/res/sound_res/", "name": "ADD_GOLD.wav", "md5": "7b9a592e78878b45d7dc292d3bc1c321"}, 
{"path": "longhu/res/sound_res/", "name": "audio_raise_100w.mp3", "md5": "a5c8b79693d0fe50b7659c3b43654623"}, 
{"path": "longhu/res/sound_res/", "name": "bet.mp3", "md5": "5152e32f4f2701c645c932b0a5e19111"}, 
{"path": "longhu/res/sound_res/", "name": "fanpai.wav", "md5": "92b25370451c1bcef5700bcb7713b71c"}, 
{"path": "longhu/res/sound_res/", "name": "hu.mp3", "md5": "5e130e89b8e6634b71241c5993a99253"}, 
{"path": "longhu/res/sound_res/", "name": "kaishixiazhu.wav", "md5": "58c2ab99769acf989deec5a94882f44d"}, 
{"path": "longhu/res/sound_res/", "name": "long.mp3", "md5": "9fafb89e11bffeec1deb4de480c09d95"}, 
{"path": "longhu/res/sound_res/", "name": "sendcard.wav", "md5": "b5c0d204dc27a6d47b28872b023384be"}, 
{"path": "longhu/res/sound_res/", "name": "shu.wav", "md5": "25f1594b8c081d96917574c6a5146354"}, 
{"path": "longhu/res/sound_res/", "name": "s_bg.MP3", "md5": "a75360f014d66e9a5d536cf501df0a73"}, 
{"path": "longhu/res/sound_res/", "name": "s_countdown3.mp3", "md5": "63ecba3e30a03b355a1285f7bc9fd9c1"}, 
{"path": "longhu/res/sound_res/", "name": "tingzhiBet.wav", "md5": "e93da7fcc0c1c70ce21f39883dc74046"}, 
{"path": "longhu/res/sound_res/", "name": "xiachouma.wav", "md5": "1973ce4798f703dae2f13f67cb1c69b3"}, 
{"path": "longhu/res/sound_res/", "name": "yingle.wav", "md5": "445fd73d27956fd92d16579cfc12a728"}, 
{"path": "longhu/src/models/", "name": "bjlGameDefine.luac", "md5": "02e65db3cae9dd4a3d8ffc5c561ccf2a"}, 
{"path": "longhu/src/models/", "name": "CMD_Game.luac", "md5": "db16b4695a51a7e7e14388a133b684ae"}, 
{"path": "longhu/src/models/", "name": "GameFrame.luac", "md5": "229bad6fce32bb13298f3f7b0489aa48"}, 
{"path": "longhu/src/models/", "name": "GameLogic.luac", "md5": "867e97a743aff7cbeb22e8427633e51b"}, 
{"path": "longhu/src/views/", "name": "GameLayer.luac", "md5": "05b3b1190bd6b2fe6dda010a37504683"}, 
{"path": "longhu/src/views/", "name": "GameRoomListLayer.luac", "md5": "19ccfbb68f6acfb75d6139bb7cef69e5"}, 
{"path": "longhu/src/views/layer/gamecard/", "name": "CardsNode.luac", "md5": "23a24337b047f577a2a19fcbf74928dc"}, 
{"path": "longhu/src/views/layer/gamecard/", "name": "CardSprite.luac", "md5": "d5504bbe3cedb38a2b5fe98765687884"}, 
{"path": "longhu/src/views/layer/", "name": "GameCardLayer.luac", "md5": "f6c74b44e7ed8297d7ac76a946c69e8a"}, 
{"path": "longhu/src/views/layer/", "name": "GameRecord.luac", "md5": "de44f6aa3c6889ade1602d07e4dd0a87"}, 
{"path": "longhu/src/views/layer/", "name": "GameResultLayer.luac", "md5": "142d403de58da09b9fcd12c08275622d"}, 
{"path": "longhu/src/views/layer/", "name": "GameViewLayer.luac", "md5": "8c21c927dbe1c13e797a1bda0b6720a6"}, 
{"path": "longhu/src/views/layer/", "name": "SettingLayer.luac", "md5": "5ce0dab6445d06d8f85a36140f60c357"}, 
{"path": "longhu/src/views/layer/", "name": "SitRoleNode.luac", "md5": "8b85a3aec06ae79f73a08de79a20325a"}, 
{"path": "longhu/src/views/layer/userlist/", "name": "ApplyListLayer.luac", "md5": "69da28078dfb11a24823ff0b872058ce"}, 
{"path": "longhu/src/views/layer/userlist/", "name": "UserItem.luac", "md5": "231bec0ca055792cc28d91175036e10e"}, 
{"path": "longhu/src/views/layer/userlist/", "name": "UserListLayer.luac", "md5": "27e5cd49e082072801e655327680b167"}, 
{"path": "longhu/src/views/layer/", "name": "WallBillLayer.luac", "md5": "9d66fe1f32e812df1aa87c9d028a9b9c"}, 
{"allcount": 182}]}