{ "listdata": [{"path": "thirteenx/res/", "name": "beginAction.csb", "md5": "6d210235de02aa9f1696f00e17602ce4"}, 
{"path": "thirteenx/res/begin_aciton_res/", "name": "im_begin_bg.png", "md5": "32ef65dfcd2b21245792691eeb14ba16"}, 
{"path": "thirteenx/res/begin_aciton_res/", "name": "im_begin_gun.png", "md5": "099699fbd7a3be0bccbf65aa9ded7c72"}, 
{"path": "thirteenx/res/begin_aciton_res/", "name": "im_begin_light.png", "md5": "bfb5762f0c85cd27afe822dac9402cd5"}, 
{"path": "thirteenx/res/begin_aciton_res/", "name": "im_begin_sidai.png", "md5": "6938b16cbf3cb31d55ffc0abc710a6a1"}, 
{"path": "thirteenx/res/begin_aciton_res/", "name": "im_begin_start.png", "md5": "f50d9d9614d3cf2c7919077ef22f17b4"}, 
{"path": "thirteenx/res/chat_res/", "name": "bt_chat_record_0.png", "md5": "5be8a816abb65c6f99e2420c79a5a793"}, 
{"path": "thirteenx/res/chat_res/", "name": "bt_chat_record_1.png", "md5": "50e617fb67deef3256f5b62b2676319f"}, 
{"path": "thirteenx/res/chat_res/", "name": "bt_normal_0.png", "md5": "b8529a963994f3a6616866d4191c0cef"}, 
{"path": "thirteenx/res/chat_res/", "name": "bt_normal_1.png", "md5": "4293736992e6ff2806d5a178bfdd281e"}, 
{"path": "thirteenx/res/chat_res/", "name": "GameChatLayer.csb", "md5": "45dd3af9b865a8d16898aed74fe759ad"}, 
{"path": "thirteenx/res/chat_res/", "name": "im_bg_1.png", "md5": "e3574f5584ced04dae3a75a818bdde3c"}, 
{"path": "thirteenx/res/chat_res/", "name": "im_bg_2.png", "md5": "0578ebb749ded718f5d258dcc5e8b8df"}, 
{"path": "thirteenx/res/chat_res/", "name": "im_chat_bg.png", "md5": "5c88b5a316cf4995c9f6be31b440a502"}, 
{"path": "thirteenx/res/chat_res/", "name": "im_edit_frame.png", "md5": "c9514ea01ff93575c1f8c1148eb62e01"}, 
{"path": "thirteenx/res/chat_res/", "name": "im_send_0.png", "md5": "aa7250465aacd02672d31789898992f2"}, 
{"path": "thirteenx/res/chat_res/", "name": "im_send_1.png", "md5": "28bdc3574c4c2b774941195b5e30c82a"}, 
{"path": "thirteenx/res/Compared/", "name": "bipai.png", "md5": "5eb75cacdcdb122b9322be5ab822d2f1"}, 
{"path": "thirteenx/res/Compared/", "name": "buttom.png", "md5": "70041f2df33182e095b08a8f1b1af7cc"}, 
{"path": "thirteenx/res/Compared/", "name": "down.png", "md5": "3471bb2ed4576480c7270573b39c0e3e"}, 
{"path": "thirteenx/res/Compared/", "name": "guang.png", "md5": "e90abe8dc82cf4b12c415981ca5a7a45"}, 
{"path": "thirteenx/res/Compared/", "name": "heitao.png", "md5": "ddc73ceba9e4819b17ab2e2e22375e70"}, 
{"path": "thirteenx/res/Compared/", "name": "left.png", "md5": "897909607dc3fa6040054019cc331f09"}, 
{"path": "thirteenx/res/Compared/", "name": "light.png", "md5": "a2027176b19c7e9af47aed91b79daad5"}, 
{"path": "thirteenx/res/Compared/", "name": "right.png", "md5": "74ae00aa151dd8750b4f1f92b99a76b2"}, 
{"path": "thirteenx/res/Compared/", "name": "up.png", "md5": "2ca708844311293fa8eef016232d6c77"}, 
{"path": "thirteenx/res/Compared/", "name": "xu.png", "md5": "7bcb4df69bfaa0901e0cbb867fde2349"}, 
{"path": "thirteenx/res/", "name": "compared.csb", "md5": "ede86d1ab331353312ce06c5206bde46"}, 
{"path": "thirteenx/res/game_res/", "name": "BT_cancle_robot_0.png", "md5": "fb012ce2aae3645a9e0079d69c9dad4d"}, 
{"path": "thirteenx/res/game_res/", "name": "BT_cancle_robot_1.png", "md5": "7e6f73d33eb3119ec2eb9066b9af1a5d"}, 
{"path": "thirteenx/res/game_res/", "name": "BT_chat_0.png", "md5": "fd47fc730f9aea15a0e03847d6e1f0fd"}, 
{"path": "thirteenx/res/game_res/", "name": "BT_chat_1.png", "md5": "787d3bc3be2c0a84c934bd85d559f8b1"}, 
{"path": "thirteenx/res/game_res/", "name": "BT_help_0.png", "md5": "3387d0e4f0824cc61138c52dc7dc3c76"}, 
{"path": "thirteenx/res/game_res/", "name": "BT_help_1.png", "md5": "2a953090aec81570267aa7c754995367"}, 
{"path": "thirteenx/res/game_res/", "name": "BT_menu_0.png", "md5": "1efbf5e52b7647ef066ad6905072e77a"}, 
{"path": "thirteenx/res/game_res/", "name": "BT_menu_1.png", "md5": "a7012219609fddf512f46a995164e8ac"}, 
{"path": "thirteenx/res/game_res/", "name": "bt_operatebg.png", "md5": "0302dae31ad8ccedc6f36cdcc48387df"}, 
{"path": "thirteenx/res/game_res/", "name": "BT_quit_0.png", "md5": "18cb5d0d99367a21a9b6f968f76f114c"}, 
{"path": "thirteenx/res/game_res/", "name": "BT_quit_1.png", "md5": "a61966a048b9c8b4820fc421c222b38f"}, 
{"path": "thirteenx/res/game_res/", "name": "BT_robot_0.png", "md5": "0e931b8db40e1214f58a73921c193f3d"}, 
{"path": "thirteenx/res/game_res/", "name": "BT_robot_1.png", "md5": "08aabd8839950a98084e024cf8d20448"}, 
{"path": "thirteenx/res/game_res/", "name": "BT_robot_2.png", "md5": "3d0f00accd14a825844d635fb81d04e8"}, 
{"path": "thirteenx/res/game_res/", "name": "BT_set_0.png", "md5": "c4933ed12e6ed13e6f9cfbe547b159a5"}, 
{"path": "thirteenx/res/game_res/", "name": "BT_set_1.png", "md5": "6860810736a9770591bebec910be5432"}, 
{"path": "thirteenx/res/game_res/", "name": "BT_set_bg.png", "md5": "c0a92f56e11fce5dbef6b42767668aa2"}, 
{"path": "thirteenx/res/game_res/", "name": "bt_start_0.png", "md5": "93c9c73d88518fc6dd382625b08fb8ea"}, 
{"path": "thirteenx/res/game_res/", "name": "bt_start_1.png", "md5": "3a6ab29deb0c5e7dcd9cc1e258e0ca21"}, 
{"path": "thirteenx/res/game_res/", "name": "BT_yuyin_0.png", "md5": "72c634f287efcd19781c1431c783bcc9"}, 
{"path": "thirteenx/res/game_res/", "name": "BT_yuyin_1.png", "md5": "0ef569e0394cdde97fa924316649d2a9"}, 
{"path": "thirteenx/res/game_res/CardType/", "name": "txt_cardtype_1.png", "md5": "eb3ec91a491926d5f5fedbf55fa6be89"}, 
{"path": "thirteenx/res/game_res/CardType/", "name": "txt_cardtype_10.png", "md5": "e2d8091e89fd965c49592b911b350466"}, 
{"path": "thirteenx/res/game_res/CardType/", "name": "txt_cardtype_11.png", "md5": "bb7e70d5670b97f53fb55ac99aab1319"}, 
{"path": "thirteenx/res/game_res/CardType/", "name": "txt_cardtype_2.png", "md5": "4bbce825b82cbaf7cca10cf635537430"}, 
{"path": "thirteenx/res/game_res/CardType/", "name": "txt_cardtype_3.png", "md5": "42dbd10e3b3c55fe7721fc443e329e26"}, 
{"path": "thirteenx/res/game_res/CardType/", "name": "txt_cardtype_4.png", "md5": "5977c50e888166ebd7703688939d27ad"}, 
{"path": "thirteenx/res/game_res/CardType/", "name": "txt_cardtype_4_0.png", "md5": "925bd72fb6b024505a2c0106a391e9dc"}, 
{"path": "thirteenx/res/game_res/CardType/", "name": "txt_cardtype_5.png", "md5": "2cb86517ac3a9b32c4bef49349c1989c"}, 
{"path": "thirteenx/res/game_res/CardType/", "name": "txt_cardtype_8.png", "md5": "6c967e770ce4de7c4229de0d0527955b"}, 
{"path": "thirteenx/res/game_res/CardType/", "name": "txt_cardtype_9.png", "md5": "3f3e1790f36d95f343a201183cacd2d7"}, 
{"path": "thirteenx/res/game_res/CardType/", "name": "txt_cardtype_show_1.png", "md5": "3386dba76986592ea61768340f22787f"}, 
{"path": "thirteenx/res/game_res/CardType/", "name": "txt_cardtype_show_10.png", "md5": "895cb113ed71fa9a114747ccb001716f"}, 
{"path": "thirteenx/res/game_res/CardType/", "name": "txt_cardtype_show_11.png", "md5": "c8b8da908607d685f1ba8267e9683430"}, 
{"path": "thirteenx/res/game_res/CardType/", "name": "txt_cardtype_show_2.png", "md5": "6b9b50211ee44535afc1bfc259c36da5"}, 
{"path": "thirteenx/res/game_res/CardType/", "name": "txt_cardtype_show_3.png", "md5": "4b64a394c3aac6ce53b7c970485851a2"}, 
{"path": "thirteenx/res/game_res/CardType/", "name": "txt_cardtype_show_4.png", "md5": "4739e47912a472113203f06a77e7bcea"}, 
{"path": "thirteenx/res/game_res/CardType/", "name": "txt_cardtype_show_5.png", "md5": "ca8b47dd80a40066c5cda68130ed41ce"}, 
{"path": "thirteenx/res/game_res/CardType/", "name": "txt_cardtype_show_8.png", "md5": "0d53b3d39e5c98f5f77832a3548b479d"}, 
{"path": "thirteenx/res/game_res/CardType/", "name": "txt_cardtype_show_9.png", "md5": "8596b9c671e0836a417e06d1bbe4c466"}, 
{"path": "thirteenx/res/game_res/", "name": "CardTypeNode.csb", "md5": "5666a7b42fc6d47a9e74a20f4b7ade3e"}, 
{"path": "thirteenx/res/game_res/", "name": "card_b.png", "md5": "e11ff9d6b0ddfd76a10c3d8c636d4510"}, 
{"path": "thirteenx/res/game_res/", "name": "Game.csb", "md5": "c43e0769f776ad445281e9f6f561ede5"}, 
{"path": "thirteenx/res/game_res/gameOver/", "name": "im_end_cell_bg.png", "md5": "ba8c99bae682ce0c5ff8e111261f5b53"}, 
{"path": "thirteenx/res/game_res/gameOver/", "name": "num_0.png", "md5": "14b45f797cdbf15a19948215b1453070"}, 
{"path": "thirteenx/res/game_res/gameOver/", "name": "num_1.png", "md5": "701578cdad95608f53585aa748e028b1"}, 
{"path": "thirteenx/res/game_res/gameOver/", "name": "txt_all_score.png", "md5": "2b5dda208e7d17bbc0c98b06f9c33db1"}, 
{"path": "thirteenx/res/game_res/gameOver/", "name": "txt_front.png", "md5": "673dd9bedd7c250ad2d8d9cc42ad21b8"}, 
{"path": "thirteenx/res/game_res/gameOver/", "name": "txt_middle.png", "md5": "7632e64b2c1dbd72a8ff1f597fa48ff4"}, 
{"path": "thirteenx/res/game_res/gameOver/", "name": "txt_tail.png", "md5": "964130c6a5e3ab7e25d3f17bc16d5d64"}, 
{"path": "thirteenx/res/game_res/", "name": "GameOver.csb", "md5": "dd4e462d70cee0edbc3ead6dcc9010c5"}, 
{"path": "thirteenx/res/game_res/gun/", "name": "im_gun_0.png", "md5": "9fc2df7ea23ab235836367c9b6e86299"}, 
{"path": "thirteenx/res/game_res/gun/", "name": "im_gun_1.png", "md5": "b64fdc4ee7bed83b322665cc7da46cb7"}, 
{"path": "thirteenx/res/game_res/gun/", "name": "im_hole_0.png", "md5": "93e7cf25e837704f6fb17b35e7907e0d"}, 
{"path": "thirteenx/res/game_res/gun/", "name": "im_hole_1.png", "md5": "fc69d0581aa1e2539133ce8457cba82a"}, 
{"path": "thirteenx/res/game_res/gun/", "name": "im_hole_2.png", "md5": "585dddb2467e783d65f62fd0d2d50c0f"}, 
{"path": "thirteenx/res/game_res/", "name": "ico_robot_0.png", "md5": "88e956b77cdde3960dd7c020e72f2bfd"}, 
{"path": "thirteenx/res/game_res/", "name": "ico_robot_1.png", "md5": "f2d5d1a83e7acf8810c5187bbd11be31"}, 
{"path": "thirteenx/res/game_res/", "name": "im_cardtype_bg.png", "md5": "18b8c8ba2489ea595afb6173ae65d08a"}, 
{"path": "thirteenx/res/game_res/", "name": "im_chat_lef.png", "md5": "cc6633dc1ad6f609ec379154c27cec15"}, 
{"path": "thirteenx/res/game_res/", "name": "im_chat_right.png", "md5": "40f253e7786bbc62b2ed7ad0c945eeb5"}, 
{"path": "thirteenx/res/game_res/", "name": "im_fly_gold.png", "md5": "589c914060f692af7f222854db0bbbb3"}, 
{"path": "thirteenx/res/game_res/", "name": "im_game_bg.png", "md5": "aa609bdae69f40944e2f0a050abcbc4f"}, 
{"path": "thirteenx/res/game_res/", "name": "im_headbg_light.png", "md5": "8435d4a1b653a26da6540de361c9b9bf"}, 
{"path": "thirteenx/res/game_res/", "name": "im_icon_banker.png", "md5": "c4872fde7494ef3482c0c9fa6b5434fd"}, 
{"path": "thirteenx/res/game_res/", "name": "im_icon_fangzhu.png", "md5": "d37ce919d11e57e310a2d58fafbd7d89"}, 
{"path": "thirteenx/res/game_res/", "name": "im_robot_tips.png", "md5": "b90cf80d87fb7bab3c35bdc351a12373"}, 
{"path": "thirteenx/res/game_res/", "name": "im_tips.png", "md5": "7df5fe2f8ac27bb37e9a9d2073dfc9de"}, 
{"path": "thirteenx/res/game_res/", "name": "num_add.png", "md5": "1c8f3cd1f135cfb8a82aa427f33520f7"}, 
{"path": "thirteenx/res/game_res/", "name": "num_plus.png", "md5": "90b6cbe3494e0503a47b0fdbeaedbb6b"}, 
{"path": "thirteenx/res/game_res/", "name": "player_kuang.png", "md5": "7470607b50584747c68336794483cb27"}, 
{"path": "thirteenx/res/game_res/selectCard/", "name": "bt_select_ensure_0.png", "md5": "77bd61cf57f173d8dda739e186806686"}, 
{"path": "thirteenx/res/game_res/selectCard/", "name": "bt_select_ensure_1.png", "md5": "b3288536fda27c6cf000467417e3d70e"}, 
{"path": "thirteenx/res/game_res/selectCard/", "name": "im_num_1_0.png", "md5": "cedd4a12cd58bfe19f5bf44ebf119125"}, 
{"path": "thirteenx/res/game_res/selectCard/", "name": "im_num_1_1.png", "md5": "7b8b206e94ede1aad927c5a109498ef5"}, 
{"path": "thirteenx/res/game_res/selectCard/", "name": "im_num_2_0.png", "md5": "94e3be833ed9a43ee99eb38e43a60db5"}, 
{"path": "thirteenx/res/game_res/selectCard/", "name": "im_num_2_1.png", "md5": "d7b2b46a784cda60adaf71d8e901ec62"}, 
{"path": "thirteenx/res/game_res/selectCard/", "name": "im_num_3_0.png", "md5": "2f85a1eea4f43c75277a8c790b6fc86c"}, 
{"path": "thirteenx/res/game_res/selectCard/", "name": "im_num_3_1.png", "md5": "92f172644e39e21eb21580ed2163e954"}, 
{"path": "thirteenx/res/game_res/selectCard/", "name": "im_num_4_0.png", "md5": "0170fda318ef00efef0544c7cf3af443"}, 
{"path": "thirteenx/res/game_res/selectCard/", "name": "im_num_4_1.png", "md5": "480a64bbebbe80bd5ab56f53b87a34da"}, 
{"path": "thirteenx/res/game_res/selectCard/", "name": "im_select_bg.png", "md5": "8b8c09f24629e969745435094b0a39f9"}, 
{"path": "thirteenx/res/game_res/selectCard/", "name": "im_select_frame_0.png", "md5": "eae03a20616455fd7dd5232dffe17546"}, 
{"path": "thirteenx/res/game_res/selectCard/", "name": "im_select_frame_1.png", "md5": "b6d18fc7a295af5b6221b979f77230df"}, 
{"path": "thirteenx/res/game_res/selectCard/", "name": "time_num.png", "md5": "9b956f119ff4d42b2f1f3831ef6c4b56"}, 
{"path": "thirteenx/res/game_res/", "name": "SelectCard.csb", "md5": "65e8f7b70200e62043d68baa8dfd5c8e"}, 
{"path": "thirteenx/res/game_res/", "name": "SelectColor.csb", "md5": "2d9e8f3f66245acf20ffd1e347c146ea"}, 
{"path": "thirteenx/res/game_res/", "name": "SelectTips.csb", "md5": "907a83482645c8d818ce9e72500b2230"}, 
{"path": "thirteenx/res/game_res/set/", "name": "BT_off.png", "md5": "e71e8fb55d684655b7a5c742dff78f2a"}, 
{"path": "thirteenx/res/game_res/set/", "name": "BT_on.png", "md5": "e9a9818d8e2856737eb0586f337fa3d2"}, 
{"path": "thirteenx/res/game_res/set/", "name": "im_set_bg.png", "md5": "5789d86c5662556178ef6242296c8c22"}, 
{"path": "thirteenx/res/game_res/", "name": "Set.csb", "md5": "93544a69064e67bcdeea2e58fda7d832"}, 
{"path": "thirteenx/res/game_res/specialtips/", "name": "bt_tips_no_0.png", "md5": "eeabbd502ea27eefd2485ce470f2b753"}, 
{"path": "thirteenx/res/game_res/specialtips/", "name": "bt_tips_no_1.png", "md5": "350215e44089ea23d3d6a9e9e0f3b9b6"}, 
{"path": "thirteenx/res/game_res/specialtips/", "name": "bt_tips_yes_0.png", "md5": "d3a7d2c691cdd2c5e53e281fa7c9855c"}, 
{"path": "thirteenx/res/game_res/specialtips/", "name": "bt_tips_yes_1.png", "md5": "ad73a75f99ed28af497f5e3f948e44a9"}, 
{"path": "thirteenx/res/game_res/specialtips/", "name": "im_meng.png", "md5": "0a1441655f3573aaa8b8c5fe96d01354"}, 
{"path": "thirteenx/res/game_res/specialtips/", "name": "im_tips_bg.png", "md5": "0ef068e51c0c7afcdfcdc2404c0d6ac6"}, 
{"path": "thirteenx/res/game_res/specialtype/", "name": "im_special_icon.png", "md5": "bf916332d13a21e8fa098b80b29a0ccd"}, 
{"path": "thirteenx/res/game_res/specialtype/", "name": "im_special_meng.png", "md5": "27a25487652fbeed9af8c9278f99837b"}, 
{"path": "thirteenx/res/game_res/", "name": "time_game_num.png", "md5": "5c4c663182308bf8c7d3e4182a08984d"}, 
{"path": "thirteenx/res/game_res/", "name": "txt_ready.png", "md5": "68f2e8167151d92d0050d7b0175eecf1"}, 
{"path": "thirteenx/res/", "name": "gunAction.csb", "md5": "7dec22469d49f92dce6cf518ca78ffbf"}, 
{"path": "thirteenx/res/gun_action_res/", "name": "Cover.png", "md5": "0a1441655f3573aaa8b8c5fe96d01354"}, 
{"path": "thirteenx/res/gun_action_res/", "name": "Font.png", "md5": "95a2c1a95cdb211e71455de4dd8c6a37"}, 
{"path": "thirteenx/res/gun_action_res/", "name": "Font_move.png", "md5": "e63eb85ce2646fa84113d16db9314295"}, 
{"path": "thirteenx/res/gun_action_res/", "name": "map.png", "md5": "158576515dc946637050130ead5e0cbe"}, 
{"path": "thirteenx/res/help_res/", "name": "bt_help_close_0.png", "md5": "754e15ff6273fc7f2f5540fbafcec6d8"}, 
{"path": "thirteenx/res/help_res/", "name": "bt_help_close_1.png", "md5": "a7a64e262ab88ec37c64c803788ffc38"}, 
{"path": "thirteenx/res/help_res/", "name": "im_help_bg.png", "md5": "c8769971796bcad843248997d45a319d"}, 
{"path": "thirteenx/res/help_res/", "name": "IntroduceLayer.csb", "md5": "e6d39230ace0081293b8a578c9acec3a"}, 
{"path": "thirteenx/res/", "name": "HomeRun.csb", "md5": "82d185aa47e9ed8c72006e7a4676a843"}, 
{"path": "thirteenx/res/Home_run/", "name": "Base_map.png", "md5": "a899cde7d8a6dbae0b905386148452b6"}, 
{"path": "thirteenx/res/Home_run/", "name": "da.png", "md5": "80777ab124b95fcaa3af426849c79084"}, 
{"path": "thirteenx/res/Home_run/", "name": "Hemisphere_roll.png", "md5": "e827a7af47e745fde0a031fc31ad6ec6"}, 
{"path": "thirteenx/res/Home_run/", "name": "lei.png", "md5": "132b8661c1e97ea257c6bf0a45a32f94"}, 
{"path": "thirteenx/res/Home_run/", "name": "quan.png", "md5": "8fd67fe6e89c1baddcd4288fbf58a8f5"}, 
{"path": "thirteenx/res/privateroom/game/", "name": "bt_invite_0.png", "md5": "21a100076eccb1db4e89231f8c286477"}, 
{"path": "thirteenx/res/privateroom/game/", "name": "bt_invite_1.png", "md5": "30631cb73aa97abb6ea14d6c6ae4ca2c"}, 
{"path": "thirteenx/res/privateroom/game/", "name": "bt_pri_dismiss_0.png", "md5": "a19e593c6e6785f00cf3de1d5464abb5"}, 
{"path": "thirteenx/res/privateroom/game/", "name": "bt_pri_dismiss_1.png", "md5": "899d98d3346017e48f107e17bb7dd9a5"}, 
{"path": "thirteenx/res/privateroom/game/", "name": "bt_pri_quit_0.png", "md5": "1b81037fa7cde4a5d9be10936cf10818"}, 
{"path": "thirteenx/res/privateroom/game/", "name": "bt_pri_quit_1.png", "md5": "12449f5314a514e950a0d2d780cc73f2"}, 
{"path": "thirteenx/res/privateroom/game/", "name": "bt_pri_zanli_0.png", "md5": "5a86651088c1cd633b55f208c4866d77"}, 
{"path": "thirteenx/res/privateroom/game/", "name": "bt_pri_zanli_1.png", "md5": "efddb4fdf6f9c16e74a8f1fbee0533e8"}, 
{"path": "thirteenx/res/privateroom/game/", "name": "bt_share_0.png", "md5": "46037c3fa44e1b6a1b24a904d477946c"}, 
{"path": "thirteenx/res/privateroom/game/", "name": "bt_share_1.png", "md5": "cd6ad92b6f7f0f5a6ff6a6dcf13bf7fd"}, 
{"path": "thirteenx/res/privateroom/game/", "name": "endcell.csb", "md5": "eecb0f16cab79c1675620ad993307d84"}, 
{"path": "thirteenx/res/privateroom/game/", "name": "im_end_frame_2.png", "md5": "ab0bf8d07e001915ba5285a72448eb95"}, 
{"path": "thirteenx/res/privateroom/game/", "name": "im_end_frame_3.png", "md5": "75bc39553421078982c3fd581f16eb80"}, 
{"path": "thirteenx/res/privateroom/game/", "name": "im_end_frame_4.png", "md5": "f859da29371171f591ae19569c784d25"}, 
{"path": "thirteenx/res/privateroom/game/", "name": "im_end_info_frame.png", "md5": "ab3c361e34294f75c3d938e2107aa7f6"}, 
{"path": "thirteenx/res/privateroom/game/", "name": "im_end_time_bg.png", "md5": "c16fbb66498e080ad52afa0d8b82211f"}, 
{"path": "thirteenx/res/privateroom/game/", "name": "im_icon_banker.png", "md5": "c4872fde7494ef3482c0c9fa6b5434fd"}, 
{"path": "thirteenx/res/privateroom/game/", "name": "im_icon_fangzhu.png", "md5": "a7c31ac5f027e22d06dcd7d0dc0aedaf"}, 
{"path": "thirteenx/res/privateroom/game/", "name": "im_play_mode_0.png", "md5": "3b05f85e243c53fd42616c852ad20475"}, 
{"path": "thirteenx/res/privateroom/game/", "name": "im_play_mode_1.png", "md5": "024ed357c030ca4793bcf7419dab257b"}, 
{"path": "thirteenx/res/privateroom/game/", "name": "im_pri_end_bg.png", "md5": "58cb8ec6673ba2765d5a932f4ab4bb03"}, 
{"path": "thirteenx/res/privateroom/game/", "name": "im_pri_head_bg.png", "md5": "06eb7feea11db0611c422d7f57732183"}, 
{"path": "thirteenx/res/privateroom/game/", "name": "im_pri_info_frame.png", "md5": "9e8c740d213db118308f91583e970b2b"}, 
{"path": "thirteenx/res/privateroom/game/", "name": "num_count.png", "md5": "58bc74951b790b351e16cba80ef83295"}, 
{"path": "thirteenx/res/privateroom/game/", "name": "num_end_failed.png", "md5": "0abc59093725f779308087154303f38e"}, 
{"path": "thirteenx/res/privateroom/game/", "name": "num_end_roomID.png", "md5": "08dcd14fbca56aedac69c425e2db6ce1"}, 
{"path": "thirteenx/res/privateroom/game/", "name": "num_end_win.png", "md5": "770c68a52d9430f3675452c619881265"}, 
{"path": "thirteenx/res/privateroom/game/", "name": "num_gun.png", "md5": "015d753cf8d7e988487d1aae7df104b2"}, 
{"path": "thirteenx/res/privateroom/game/", "name": "num_roomID.png", "md5": "035343f7897eeb9953fa21ee80af5b46"}, 
{"path": "thirteenx/res/privateroom/game/", "name": "PrivateGameEnd.csb", "md5": "920b4ea6a8d6a2d2e946826c37a31b81"}, 
{"path": "thirteenx/res/privateroom/game/", "name": "PrivateGameLayer.csb", "md5": "a570aa96ac27f6f1ebd6513f70fc64c5"}, 
{"path": "thirteenx/res/privateroom/game/", "name": "txt_cell.png", "md5": "05784441355e98a4316ad5b8feaa5eff"}, 
{"path": "thirteenx/res/privateroom/game/", "name": "txt_count.png", "md5": "2aca68eca9c568e43af61be623505298"}, 
{"path": "thirteenx/res/privateroom/game/", "name": "txt_end_roomID.png", "md5": "ba64fe8c2fed46af3ec86f148ef063b2"}, 
{"path": "thirteenx/res/privateroom/game/", "name": "txt_gun.png", "md5": "874133b557f2f996e0bc15da6942815f"}, 
{"path": "thirteenx/res/privateroom/game/", "name": "txt_play.png", "md5": "cd4e632f4d6793dd490db64ece9714b6"}, 
{"path": "thirteenx/res/privateroom/game/", "name": "txt_player_num.png", "md5": "3feade8f3a2d44d33359c054b64e1397"}, 
{"path": "thirteenx/res/privateroom/game/", "name": "txt_roomID.png", "md5": "8d85a4d3a9613141447ac2c9266ab10c"}, 
{"path": "thirteenx/res/privateroom/game/", "name": "txt_win.png", "md5": "6e93e8c9e1b4d7fe1d738923532df265"}, 
{"path": "thirteenx/res/privateroom/room/", "name": "bt_high_config_0.png", "md5": "e5d4162bdde3cae90e44d1e34cbafa4a"}, 
{"path": "thirteenx/res/privateroom/room/", "name": "bt_high_config_1.png", "md5": "b130d63c380fb7421e42b1486a21b543"}, 
{"path": "thirteenx/res/privateroom/room/", "name": "bt_pri_check_0.png", "md5": "9284f210f07204ff4402629b627f9def"}, 
{"path": "thirteenx/res/privateroom/room/", "name": "bt_pri_check_1.png", "md5": "c253903395b486588a76b365f06f56f5"}, 
{"path": "thirteenx/res/privateroom/room/", "name": "bt_pri_close_0.png", "md5": "bf18ef7d5783deb678c2f5579d4d8498"}, 
{"path": "thirteenx/res/privateroom/room/", "name": "bt_pri_close_1.png", "md5": "f9c182135aa2feb370559f909c51fc34"}, 
{"path": "thirteenx/res/privateroom/room/", "name": "bt_pri_create_0.png", "md5": "6c34a583dfcab694b73a1699f470bb02"}, 
{"path": "thirteenx/res/privateroom/room/", "name": "bt_pri_create_1.png", "md5": "b2ccab2fda20d46e24d45fd234b89f4d"}, 
{"path": "thirteenx/res/privateroom/room/", "name": "bt_pri_ensure_0.png", "md5": "d26bb5e69af660ecd293e850534210d0"}, 
{"path": "thirteenx/res/privateroom/room/", "name": "bt_pri_ensure_1.png", "md5": "6bd7cfaa4780d9c17cc4a70500c5146c"}, 
{"path": "thirteenx/res/privateroom/room/", "name": "bt_pri_help_0.png", "md5": "5bb8b21093e91fdf613932c2dd9e7a34"}, 
{"path": "thirteenx/res/privateroom/room/", "name": "bt_pri_help_1.png", "md5": "86f99fbf135e86f3a9c1cc52f82f8992"}, 
{"path": "thirteenx/res/privateroom/room/", "name": "bt_pri_recharge_0.png", "md5": "6c3d56281184960e7f7138a495c4f4b5"}, 
{"path": "thirteenx/res/privateroom/room/", "name": "bt_pri_recharge_1.png", "md5": "b2d5cf13bbdcba2c52be65faa67c66a4"}, 
{"path": "thirteenx/res/privateroom/room/", "name": "HighConfigLayer.csb", "md5": "b3b4c7632fdf712318ddfb569395eb84"}, 
{"path": "thirteenx/res/privateroom/room/", "name": "im_high_config_bg.png", "md5": "3e67a5e7acb531888fb3bb5854bbec84"}, 
{"path": "thirteenx/res/privateroom/room/", "name": "im_pri_num_bg.png", "md5": "b779a3b68368b83879762e70feb2ddcf"}, 
{"path": "thirteenx/res/privateroom/room/", "name": "im_roomcard.png", "md5": "ec5c5bf2d116d1d6c6c3303776d708f2"}, 
{"path": "thirteenx/res/privateroom/room/", "name": "PrivateRoomCreateLayer.csb", "md5": "11213d67c37525bb7b3426c7382292ad"}, 
{"path": "thirteenx/res/privateroom/room/", "name": "txt_gun_config.png", "md5": "c70777161286b5719e08d0b5a1fea1ef"}, 
{"path": "thirteenx/res/privateroom/room/", "name": "txt_high_config.png", "md5": "c7816a12f114bbfcbabcd7b3731bb2e8"}, 
{"path": "thirteenx/res/privateroom/room/", "name": "txt_nobean_tips.png", "md5": "18c57e505b5958d506639bc548284af5"}, 
{"path": "thirteenx/res/privateroom/room/", "name": "txt_nocard_tips.png", "md5": "0323676319156b8dd97882879bea057a"}, 
{"path": "thirteenx/res/privateroom/room/", "name": "txt_play_config.png", "md5": "816d68131a65ae35147b04fa05e08c15"}, 
{"path": "thirteenx/res/privateroom/room/", "name": "txt_pri_cell.png", "md5": "c6e4626811a0a2f1a46b7e282abf1d9d"}, 
{"path": "thirteenx/res/privateroom/room/", "name": "txt_pri_fee.png", "md5": "78a0579db594564d281de8ed60f3d02e"}, 
{"path": "thirteenx/res/privateroom/room/", "name": "txt_pri_game_count.png", "md5": "2002576dff21f04a19614be73b99c6e3"}, 
{"path": "thirteenx/res/privateroom/room/", "name": "txt_pri_player_num.png", "md5": "97e5435e306a133ffd7ba0d34a7247cf"}, 
{"path": "thirteenx/res/privateroom/room/", "name": "txt_pri_title.png", "md5": "c291ab81470ba398858bea0028c1918b"}, 
{"path": "thirteenx/res/privateroom/room/", "name": "txt_roomcard.png", "md5": "39f0dd55cbeca34d75ee75de66c697d9"}, 
{"path": "thirteenx/res/roomlist/", "name": "icon_roomlist_0.png", "md5": "c07874ea5a8234f3509c83eb8b7e461c"}, 
{"path": "thirteenx/res/roomlist/", "name": "icon_roomlist_1.png", "md5": "a892723dfb9166be4ee1204a2d5898a5"}, 
{"path": "thirteenx/res/roomlist/", "name": "icon_roomlist_2.png", "md5": "2de2adb80501c3afc819e65267ff1d2a"}, 
{"path": "thirteenx/res/sound_res/", "name": "bullets.mp3", "md5": "a302596f59ac4a82433a8f7975489b81"}, 
{"path": "thirteenx/res/sound_res/", "name": "coinCollide.wav", "md5": "73c2f928be820b211c83df31eaed8ac0"}, 
{"path": "thirteenx/res/sound_res/", "name": "common1.mp3", "md5": "d61cb6c5f37aee905c79bdc435e726ef"}, 
{"path": "thirteenx/res/sound_res/", "name": "common10.mp3", "md5": "3f37edb703d4171e031f6e690adb5447"}, 
{"path": "thirteenx/res/sound_res/", "name": "common11.mp3", "md5": "6f9653fef4a7661e85b54e84d0031f5b"}, 
{"path": "thirteenx/res/sound_res/", "name": "common2.mp3", "md5": "234f1d50148a757fbaeff9da15d8dc10"}, 
{"path": "thirteenx/res/sound_res/", "name": "common3.mp3", "md5": "13b6bec68d6ea579a96b4cf9d926ebfc"}, 
{"path": "thirteenx/res/sound_res/", "name": "common4.mp3", "md5": "8d7bb3996a0fc8c6f99a354661393689"}, 
{"path": "thirteenx/res/sound_res/", "name": "common5.mp3", "md5": "03e68d6de30866a1820f27b45bcab6f2"}, 
{"path": "thirteenx/res/sound_res/", "name": "common8.mp3", "md5": "ee25f6c5287dbc62af07b43ad22d1251"}, 
{"path": "thirteenx/res/sound_res/", "name": "common9.mp3", "md5": "756afb6bc0ef0caa96fefc6a87eae85c"}, 
{"path": "thirteenx/res/sound_res/", "name": "daqiang1.mp3", "md5": "b520e57ddc8ee86b9ca4441d719fa8ba"}, 
{"path": "thirteenx/res/sound_res/", "name": "daqiang3.mp3", "md5": "b266a2e4f466ec2a9fe3c791eaf06d3d"}, 
{"path": "thirteenx/res/sound_res/", "name": "lose.mp3", "md5": "44e24359a6fe3a888e19b35d0fb7366d"}, 
{"path": "thirteenx/res/sound_res/", "name": "music_game.mp3", "md5": "31315dfd97e477de37879c461f001811"}, 
{"path": "thirteenx/res/sound_res/", "name": "no_award.mp3", "md5": "b11c4d2c0103058be69bb532dcd23758"}, 
{"path": "thirteenx/res/sound_res/", "name": "select.mp3", "md5": "09074ad551d9f81543d21e7d3e594a13"}, 
{"path": "thirteenx/res/sound_res/", "name": "special1.mp3", "md5": "1757e13d596c5d29544408a6d72a4220"}, 
{"path": "thirteenx/res/sound_res/", "name": "special15.mp3", "md5": "021602576d4dff4598bba45634c89269"}, 
{"path": "thirteenx/res/sound_res/", "name": "special16.mp3", "md5": "b5ab94613933be602f20a8800dad56ea"}, 
{"path": "thirteenx/res/sound_res/", "name": "special17.mp3", "md5": "2c169f1e94d2c7c3149c55cc5521d700"}, 
{"path": "thirteenx/res/sound_res/", "name": "special19.mp3", "md5": "c3ededaf4d4013b8804281d4b734d9a5"}, 
{"path": "thirteenx/res/sound_res/", "name": "special24.mp3", "md5": "0f9bcd2921a4cda1ee8bce3abe890909"}, 
{"path": "thirteenx/res/sound_res/", "name": "special25.mp3", "md5": "7c7ee95ecd4fa0f8d8ee9d521c0d2741"}, 
{"path": "thirteenx/res/sound_res/", "name": "special27.mp3", "md5": "9ea34837f915192da1dce44a286cc992"}, 
{"path": "thirteenx/res/sound_res/", "name": "special28.mp3", "md5": "dea0c3f79405d70351a59bd06690117b"}, 
{"path": "thirteenx/res/sound_res/", "name": "start.mp3", "md5": "9f3a4ec17280db9e1dc1b4b24ea763fa"}, 
{"path": "thirteenx/res/sound_res/", "name": "start_compare.mp3", "md5": "e99c341a35b3247c2b9c45e0417aa0c1"}, 
{"path": "thirteenx/res/sound_res/", "name": "start_poker.mp3", "md5": "5aa4caa88c2efef537eec2b24865d86a"}, 
{"path": "thirteenx/res/sound_res/", "name": "win.mp3", "md5": "17fa64cdccf409f21f13cf18333c1b7d"}, 
{"path": "thirteenx/res/Special_poker/", "name": "bottom.png", "md5": "12096a6b98fcd5273219ab3ea2af95a0"}, 
{"path": "thirteenx/res/Special_poker/", "name": "Column.png", "md5": "f4a0c6176991e95b26ae549eb11f2879"}, 
{"path": "thirteenx/res/Special_poker/", "name": "Cover.png", "md5": "27a25487652fbeed9af8c9278f99837b"}, 
{"path": "thirteenx/res/Special_poker/", "name": "santonghua.png", "md5": "76fe8b7fcebf89e9dc885ed14055a396"}, 
{"path": "thirteenx/res/Special_poker/", "name": "txt_cardtype_15.png", "md5": "76fe8b7fcebf89e9dc885ed14055a396"}, 
{"path": "thirteenx/res/Special_poker/", "name": "txt_cardtype_16.png", "md5": "2263a6b5efe5bf5b3f126284d320c1c9"}, 
{"path": "thirteenx/res/Special_poker/", "name": "txt_cardtype_17.png", "md5": "33749950dda0b5b5af3a2f439a2e5b9c"}, 
{"path": "thirteenx/res/Special_poker/", "name": "txt_cardtype_19.png", "md5": "9911187c0ab9c186e69ae3901c9558cb"}, 
{"path": "thirteenx/res/Special_poker/", "name": "txt_cardtype_24.png", "md5": "84b17d043f2bf2c89256e5b84d2a08f2"}, 
{"path": "thirteenx/res/Special_poker/", "name": "txt_cardtype_25.png", "md5": "6e9536db5e28711a6be314fd0458b48e"}, 
{"path": "thirteenx/res/Special_poker/", "name": "txt_cardtype_27.png", "md5": "ad2090111ec2c93707f6b841c4b61975"}, 
{"path": "thirteenx/res/Special_poker/", "name": "txt_cardtype_28.png", "md5": "6f971ca106bb9df35c262506fc1abe73"}, 
{"path": "thirteenx/res/", "name": "Special_poker.csb", "md5": "7150cedfc83e668564f42bf01df9d428"}, 
{"path": "thirteenx/src/models/", "name": "cmd_game.luac", "md5": "d37c1372df123f5d78af2d826a6620b1"}, 
{"path": "thirteenx/src/models/", "name": "GameLogic.luac", "md5": "6d59b9577ab615640b399e8abe30395f"}, 
{"path": "thirteenx/src/privateroom/", "name": "PriGameLayer.luac", "md5": "413128b54f0dc09fe40d01be0152292c"}, 
{"path": "thirteenx/src/privateroom/", "name": "PriRoomCreateLayer.luac", "md5": "ae99449174b692402e25554b067c811d"}, 
{"path": "thirteenx/src/views/", "name": "GameLayer.luac", "md5": "3da3e94e22a78bdd8f0dae42ccf46a1e"}, 
{"path": "thirteenx/src/views/", "name": "GameRoomLayer.luac", "md5": "53359125b9335ae53c23ebde69ce1938"}, 
{"path": "thirteenx/src/views/layer/", "name": "CardButton.luac", "md5": "0fad1d58ff1f8e7ed23784206ceb0b06"}, 
{"path": "thirteenx/src/views/layer/", "name": "CardSprite.luac", "md5": "283c961ef6588e5dff856deb6bf7b120"}, 
{"path": "thirteenx/src/views/layer/", "name": "GameViewLayer.luac", "md5": "479498799129309dd36b0681a7c67f13"}, 
{"path": "thirteenx/src/views/layer/", "name": "SelectNode.luac", "md5": "7d7ef0197de58de37415d25296ef01e7"}, 
{"allcount": 270}]}